rnti,phr,dl_tbs,ul_tbs,dl_aggr_prb,wb_cqi,pusch_snr,pucch_snr,ul_rssi,dl_bler,ul_bler,dl_mcs,ul_mcs,target_future_rssi
70,30,918082,1174123,20,15,29.563434600830078,33.021522521972656,60.090003967285156,0.0,0.0,26,22,59.16426467895508
70,30,918159,1174147,20,15,29.469932556152344,33.04629135131836,59.16426467895508,0.0,0.0,26,22,58.726646423339844
70,30,918086,1174084,20,15,29.991477966308594,33.04629135131836,58.726646423339844,0.0,0.0,26,21,59.47861099243164
70,30,918012,1173990,20,15,30.270124435424805,33.53366470336914,59.47861099243164,0.0,0.0,26,20,60.51222229003906
70,30,918074,1173973,20,15,30.312211990356445,33.53366470336914,60.51222229003906,0.0,0.0,26,21,62.27971267700195
70,30,918011,1174208,20,15,30.150009155273438,33.53366470336914,62.27971267700195,0.0,0.0,26,21,63.03322982788086
70,30,918098,1174323,20,15,29.816993713378906,33.53366470336914,63.03322982788086,0.0,0.0,26,21,63.92212677001953
70,30,918326,1174482,20,15,29.56340980529785,33.53366470336914,63.92212677001953,0.0,0.0,26,21,64.7310791015625
70,30,918414,1174830,20,15,29.126062393188477,33.53366470336914,64.7310791015625,0.0,0.0,26,21,64.7310791015625
70,30,918512,1174776,20,15,29.126062393188477,33.707454681396484,64.7310791015625,0.0,0.0,26,21,65.09072875976562
70,30,918469,1174749,20,15,29.187236785888672,33.707454681396484,65.09072875976562,0.0,0.0,26,21,65.09072875976562
70,30,918546,1174668,20,15,29.187236785888672,34.2331657409668,65.09072875976562,0.0,0.0,26,21,65.5661392211914
70,30,918494,1174724,20,15,29.35406494140625,34.2331657409668,65.5661392211914,0.0,0.0,26,21,65.9940185546875
70,30,918420,1174800,20,15,29.223947525024414,34.2331657409668,65.9940185546875,0.0,0.0,26,21,66.25504302978516
70,30,918486,1174828,20,15,29.072267532348633,31.61353302001953,66.25504302978516,0.0,0.0,26,21,64.02239990234375
70,30,918538,1174883,20,15,29.00318717956543,31.61353302001953,64.02239990234375,0.0,0.0,26,21,64.21285247802734
70,30,918594,1174800,20,15,29.096111297607422,31.9780216217041,64.21285247802734,0.0,0.0,26,21,65.13030242919922
70,30,918499,1174776,20,15,29.457128524780273,32.14955139160156,65.13030242919922,0.0,0.0,26,21,65.74331665039062
70,30,918555,1174789,20,15,29.458829879760742,32.51531219482422,65.74331665039062,0.0,0.0,26,21,64.31085205078125
70,30,918610,1175010,20,15,29.345396041870117,30.42371940612793,64.31085205078125,0.0,0.0,26,21,61.0380973815918
70,30,918796,1175275,20,15,29.031246185302734,30.42371940612793,61.0380973815918,0.0,0.0,26,21,59.536277770996094
70,30,918852,1175289,20,15,28.86630630493164,31.27362823486328,59.536277770996094,0.0,0.0,26,22,59.602664947509766
70,30,918757,1175178,20,15,29.102190017700195,31.27362823486328,59.602664947509766,0.0,0.0,26,22,59.662479400634766
70,30,918808,1175081,20,15,29.294273376464844,31.69916343688965,59.662479400634766,0.0,0.0,26,22,60.72904586791992
70,30,918713,1174986,20,15,29.960512161254883,31.69916343688965,60.72904586791992,0.0,0.0,26,20,61.640480041503906
70,30,918640,1174964,20,15,30.048723220825195,31.69916343688965,61.640480041503906,0.0,0.0,26,20,63.19905471801758
70,30,918545,1175257,20,15,29.415327072143555,29.955455780029297,63.19905471801758,0.0,0.0,26,21,58.98778533935547
70,30,918881,1175659,20,15,28.901397705078125,29.955455780029297,58.98778533935547,0.0,0.0,26,21,57.864532470703125
70,30,919072,1175787,20,15,28.599489212036133,30.546977996826172,57.864532470703125,0.0,0.0,26,22,59.040077209472656
70,30,918977,1175713,20,15,28.703266143798828,31.074443817138672,59.040077209472656,0.0,0.0,26,22,59.040077209472656
70,30,918893,1175606,20,15,28.703266143798828,31.074443817138672,59.040077209472656,0.0,0.0,26,22,60.1429328918457
70,30,918798,1175838,20,15,28.310256958007812,28.98898696899414,60.1429328918457,0.0,0.0,26,22,58.58102035522461
70,30,918994,1176006,20,15,28.09024429321289,28.98898696899414,58.58102035522461,0.0,0.0,26,22,57.15810012817383
70,30,919185,1176104,20,15,27.881086349487305,30.37139320373535,57.15810012817383,0.0,0.0,26,22,58.4123649597168
70,30,919091,1176026,20,15,28.038414001464844,30.37139320373535,58.4123649597168,0.0,0.0,26,22,59.541259765625
70,30,919136,1175947,20,15,28.1599178314209,30.452939987182617,59.541259765625,0.0,0.0,26,22,61.485713958740234
70,30,919052,1175929,20,15,29.027856826782227,30.452939987182617,61.485713958740234,0.0,0.0,26,21,63.06203079223633
70,30,919097,1175946,20,15,29.456661224365234,30.527700424194336,63.06203079223633,0.0,0.0,26,20,63.728736877441406
70,30,919142,1175878,20,15,29.39544677734375,28.898767471313477,63.728736877441406,0.0,0.0,26,21,62.0749397277832
70,30,919058,1175796,20,15,30.017684936523438,28.898767471313477,62.0749397277832,0.0,0.0,26,20,59.23763656616211
70,30,918963,1175747,20,15,30.594158172607422,27.524059295654297,59.23763656616211,0.0,0.0,26,19,58.03889846801758
70,30,919019,1175882,20,15,30.33161163330078,27.524059295654297,58.03889846801758,0.0,0.0,26,19,55.97892761230469
70,30,919064,1176142,20,15,29.97624397277832,27.524059295654297,55.97892761230469,0.0,0.0,26,20,55.09099578857422
70,30,919259,1176148,20,15,29.656160354614258,27.563810348510742,55.09099578857422,0.0,0.0,26,20,55.09099578857422
70,30,919165,1176026,20,15,29.656160354614258,27.563810348510742,55.09099578857422,0.0,0.0,26,20,55.09099578857422
70,30,919070,1175905,20,15,29.656160354614258,28.592636108398438,55.09099578857422,0.0,0.0,26,20,56.5621452331543
70,30,918986,1175845,20,15,29.59960174560547,28.592636108398438,56.5621452331543,0.0,0.0,26,20,57.89840316772461
70,30,918891,1176091,20,15,29.137619018554688,26.889657974243164,57.89840316772461,0.0,0.0,26,21,55.43991470336914
70,30,919226,1176423,20,15,28.588573455810547,26.889657974243164,55.43991470336914,0.0,0.0,26,21,54.395973205566406
70,30,919417,1176673,20,15,28.28812599182129,27.844425201416016,54.395973205566406,0.0,0.0,26,22,54.39949035644531
70,30,919462,1176554,20,15,28.740211486816406,28.8739070892334,54.39949035644531,0.0,0.0,26,21,55.94057083129883
70,30,919378,1176492,20,15,28.775041580200195,28.8739070892334,55.94057083129883,0.0,0.0,26,21,55.9437370300293
70,30,919284,1176462,20,15,28.72683334350586,29.77630615234375,55.9437370300293,0.0,0.0,26,21,57.335365295410156
70,30,919339,1176467,20,15,28.926706314086914,29.77630615234375,57.335365295410156,0.0,0.0,26,21,58.590206146240234
70,30,919255,1176520,20,15,29.12364387512207,27.910079956054688,58.590206146240234,0.0,0.0,26,22,58.59440994262695
70,30,919436,1176479,20,15,29.42340850830078,29.638803482055664,58.59440994262695,0.0,0.0,26,22,60.73310470581055
70,30,919351,1176421,20,15,29.980600357055664,29.638803482055664,60.73310470581055,0.0,0.0,26,22,63.20506286621094
70,30,919257,1176431,20,15,30.458946228027344,29.638803482055664,63.20506286621094,0.0,0.0,26,21,64.46942901611328
70,30,919323,1176662,20,15,30.144607543945312,29.638803482055664,64.46942901611328,0.0,0.0,26,22,65.49358367919922
70,30,919647,1176902,20,15,29.733972549438477,31.15699005126953,65.49358367919922,0.0,0.0,26,22,65.4939193725586
70,30,919703,1176819,20,15,29.8878231048584,31.67237091064453,65.4939193725586,0.0,0.0,26,22,65.4942398071289
70,30,919608,1176699,20,15,30.20918846130371,31.67237091064453,65.4942398071289,0.0,0.0,26,21,65.9303207397461
70,30,919524,1176735,20,15,30.047279357910156,32.172054290771484,65.9303207397461,0.0,0.0,26,21,66.67581939697266
70,30,919569,1176803,20,15,30.005495071411133,32.172054290771484,66.67581939697266,0.0,0.0,26,21,67.2799301147461
70,30,919625,1176956,20,15,29.79493522644043,32.172054290771484,67.2799301147461,0.0,0.0,26,22,67.53729248046875
70,30,919670,1176957,20,15,29.60191535949707,32.20135498046875,67.53729248046875,0.0,0.0,26,22,67.76892852783203
70,30,919725,1176962,20,15,29.37898826599121,32.671112060546875,67.76892852783203,0.0,0.0,26,22,68.16522979736328
70,30,919641,1176902,20,15,29.835947036743164,32.671112060546875,68.16522979736328,0.0,0.0,26,21,68.48809814453125
70,30,919547,1176948,20,15,29.88300895690918,32.671112060546875,68.48809814453125,0.0,0.0,26,21,68.86117553710938
70,30,919602,1177100,20,15,30.016223907470703,32.671112060546875,68.86117553710938,0.0,0.0,26,22,69.1327133178711
70,30,919797,1177254,20,15,29.994253158569336,32.679222106933594,69.1327133178711,0.0,0.0,26,22,69.27061462402344
70,30,919713,1177282,20,15,30.053997039794922,32.679222106933594,69.27061462402344,0.0,0.0,26,22,69.32954406738281
70,30,919758,1177204,20,15,30.053150177001953,32.69425582885742,69.32954406738281,0.0,0.0,26,22,69.3299789428711
70,30,919674,1177188,20,15,29.93418312072754,32.69425582885742,69.3299789428711,0.0,0.0,26,22,69.33003234863281
70,30,919715,1177158,20,15,29.839792251586914,33.59565734863281,69.33003234863281,0.0,0.0,26,22,69.38209533691406
70,30,919631,1177077,20,15,30.257516860961914,33.59565734863281,69.38209533691406,0.0,0.0,26,21,69.42901611328125
70,30,919536,1177028,20,15,30.49251365661621,33.59565734863281,69.42901611328125,0.0,0.0,26,21,69.5091323852539
70,30,919592,1177136,20,15,30.28437042236328,33.59565734863281,69.5091323852539,0.0,0.0,26,21,69.57402038574219
70,30,919786,1177288,20,15,29.87743377685547,34.115535736083984,69.57402038574219,0.0,0.0,26,21,69.62882232666016
70,30,919831,1177215,20,15,30.314781188964844,34.115535736083984,69.62882232666016,0.0,0.0,26,20,69.6525650024414
70,30,919747,1177273,20,15,30.257400512695312,34.115535736083984,69.6525650024414,0.0,0.0,26,21,69.6527328491211
70,30,919798,1177269,20,15,30.093154907226562,31.973033905029297,69.6527328491211,0.0,0.0,26,21,69.65288543701172
70,30,919843,1177201,20,15,30.07025718688965,32.5087890625,69.65288543701172,0.0,0.0,26,21,69.67398071289062
70,30,919749,1177173,20,15,30.16629981994629,32.5531120300293,69.67398071289062,0.0,0.0,26,21,69.69286346435547
70,30,919804,1177178,20,15,29.944557189941406,32.96107482910156,69.69286346435547,0.0,0.0,26,21,69.70970916748047
70,30,919720,1177090,20,15,30.584064483642578,33.425235748291016,69.70970916748047,0.0,0.0,26,20,69.73724365234375
70,30,919765,1177036,20,15,31.261381149291992,33.425235748291016,69.73724365234375,0.0,0.0,26,19,69.74942016601562
70,30,919681,1177065,20,15,31.228410720825195,33.425235748291016,69.74942016601562,0.0,0.0,26,20,65.43489837646484
70,30,919737,1177147,20,15,30.996614456176758,31.528640747070312,65.43489837646484,0.0,0.0,26,20,61.94066619873047
70,30,919782,1177309,20,15,30.495275497436523,31.528640747070312,61.94066619873047,0.0,0.0,26,20,61.941680908203125
70,30,919976,1177291,20,15,30.418834686279297,33.08127212524414,61.941680908203125,0.0,0.0,26,21,62.73434066772461
70,30,919882,1177197,20,15,30.480268478393555,33.08127212524414,62.73434066772461,0.0,0.0,26,21,62.73479461669922
70,30,919798,1177212,20,15,30.327733993530273,33.08127212524414,62.73479461669922,0.0,0.0,26,21,63.44812774658203
70,30,919853,1177251,20,15,30.191987991333008,33.506404876708984,63.44812774658203,0.0,0.0,26,21,64.09062957763672
70,30,919894,1177321,20,15,30.0504093170166,33.506404876708984,64.09062957763672,0.0,0.0,26,21,64.66838836669922
70,30,919939,1177323,20,15,29.91181755065918,34.165889739990234,64.66838836669922,0.0,0.0,26,21,65.6560287475586
70,30,919994,1177361,20,15,29.949552536010742,34.166534423828125,65.6560287475586,0.0,0.0,26,22,65.65619659423828
70,30,919910,1177322,20,15,29.92574691772461,34.46999740600586,65.65619659423828,0.0,0.0,26,22,66.45611572265625
70,30,919816,1177337,20,15,30.016475677490234,34.46999740600586,66.45611572265625,0.0,0.0,26,22,66.79707336425781
70,30,919871,1177256,20,15,30.066165924072266,34.51887130737305,66.79707336425781,0.0,0.0,26,22,64.8812255859375
70,30,919788,1177198,20,15,30.229589462280273,32.48236846923828,64.8812255859375,0.0,0.0,26,22,61.605125427246094
70,30,919832,1177294,20,15,30.28583526611328,32.48236846923828,61.605125427246094,0.0,0.0,26,22,61.17272186279297
70,30,919888,1177453,20,15,30.125566482543945,32.931785583496094,61.17272186279297,0.0,0.0,26,22,62.041351318359375
70,30,920067,1177410,20,15,30.291763305664062,33.827457427978516,62.041351318359375,0.0,0.0,26,22,62.823184967041016
70,30,919983,1177470,20,15,30.092132568359375,33.827457427978516,62.823184967041016,0.0,0.0,26,22,63.5268440246582
70,30,920039,1177552,20,15,29.760963439941406,33.827457427978516,63.5268440246582,0.0,0.0,26,22,64.16009521484375
70,30,920094,1177680,20,15,29.540664672851562,33.827457427978516,64.16009521484375,0.0,0.0,26,22,64.16009521484375
70,30,920149,1177573,20,15,29.540664672851562,34.08800506591797,64.16009521484375,0.0,0.0,26,22,64.73052978515625
70,30,920055,1177500,20,15,29.540470123291016,34.08800506591797,64.73052978515625,0.0,0.0,26,22,65.24371337890625
70,30,919971,1177622,20,15,29.227792739868164,32.09980010986328,65.24371337890625,0.0,0.0,26,23,63.47112274169922
70,30,920165,1177789,20,15,29.008508682250977,32.09980010986328,63.47112274169922,0.0,0.0,26,23,61.87604904174805
70,30,920355,1178007,20,15,28.653852462768555,32.67936325073242,61.87604904174805,0.0,0.0,26,23,62.674434661865234
70,30,920271,1177942,20,15,28.701059341430664,33.1707763671875,62.674434661865234,0.0,0.0,26,23,63.39302062988281
70,30,920316,1177865,20,15,28.720848083496094,33.21771240234375,63.39302062988281,0.0,0.0,26,23,64.04017639160156
70,30,920232,1177783,20,15,29.38440704345703,33.21771240234375,64.04017639160156,0.0,0.0,26,22,65.14649963378906
70,30,920149,1177748,20,15,29.991432189941406,33.21771240234375,65.14649963378906,0.0,0.0,26,20,65.61832427978516
70,30,920065,1177884,20,15,29.541149139404297,33.21771240234375,65.61832427978516,0.0,0.0,26,21,66.42520904541016
70,30,920120,1178189,20,15,29.052169799804688,33.25507354736328,66.42520904541016,0.0,0.0,26,21,66.76974487304688
70,30,920587,1178464,20,15,28.775203704833984,34.082088470458984,66.76974487304688,0.0,0.0,26,21,66.7699966430664
70,30,920632,1178344,20,15,29.114099502563477,34.773963928222656,66.7699966430664,0.0,0.0,26,21,67.35673522949219
70,30,920548,1178380,20,15,28.966064453125,34.773963928222656,67.35673522949219,0.0,0.0,26,21,67.83241271972656
70,30,920604,1178461,20,15,29.190486907958984,34.773963928222656,67.83241271972656,0.0,0.0,26,21,63.80067443847656
70,30,920659,1178614,20,15,29.099498748779297,32.68654251098633,63.80067443847656,0.0,0.0,26,22,60.53359603881836
70,30,920699,1178561,20,15,29.36005973815918,33.24152755737305,60.53359603881836,0.0,0.0,26,22,61.466636657714844
70,30,920615,1178598,20,15,29.367263793945312,33.24152755737305,61.466636657714844,0.0,0.0,26,22,61.46725082397461
70,30,920670,1178571,20,15,29.277318954467773,33.656978607177734,61.46725082397461,0.0,0.0,26,22,62.30666732788086
70,30,920576,1178507,20,15,29.309612274169922,34.10547637939453,62.30666732788086,0.0,0.0,26,22,63.06044387817383
70,30,920631,1178456,20,15,29.31467628479004,34.06205749511719,63.06044387817383,0.0,0.0,26,22,64.34916687011719
70,30,920548,1178425,20,15,30.059770584106445,34.06205749511719,64.34916687011719,0.0,0.0,26,21,65.39279174804688
70,30,920603,1178464,20,15,30.546327590942383,34.06205749511719,65.39279174804688,0.0,0.0,26,20,66.23814392089844
70,30,920647,1178583,20,15,30.4074649810791,34.06205749511719,66.23814392089844,0.0,0.0,26,20,66.5995101928711
70,30,920702,1178688,20,15,30.503990173339844,32.078758239746094,66.5995101928711,0.0,0.0,26,20,64.42140197753906
70,30,920892,1178745,20,15,30.6093807220459,32.55076217651367,64.42140197753906,0.0,0.0,26,21,64.96550750732422
70,30,920798,1178746,20,15,30.281482696533203,32.55076217651367,64.96550750732422,0.0,0.0,26,21,65.45408630371094
70,30,920853,1178760,20,15,29.956378936767578,33.011661529541016,65.45408630371094,0.0,0.0,26,21,65.8933334350586
70,30,920759,1178665,20,15,30.59548568725586,33.011661529541016,65.8933334350586,0.0,0.0,26,20,66.64488983154297
70,30,920814,1178630,20,15,31.020776748657227,33.027034759521484,66.64488983154297,0.0,0.0,26,19,66.96524047851562
70,30,920730,1178839,20,15,30.404346466064453,33.027034759521484,66.96524047851562,0.0,0.0,26,20,67.25367736816406
70,30,920924,1178966,20,15,29.95993995666504,33.41659164428711,67.25367736816406,0.0,0.0,26,20,67.74903106689453
70,30,920964,1178892,20,15,30.334835052490234,33.41659164428711,67.74903106689453,0.0,0.0,26,20,67.9609146118164
70,30,920880,1178950,20,15,30.362754821777344,33.41659164428711,67.9609146118164,0.0,0.0,26,20,62.48391342163086
70,30,920925,1179064,20,15,30.298276901245117,31.52955436706543,62.48391342163086,0.0,0.0,26,21,63.22190475463867
70,30,920980,1179071,20,15,30.14285659790039,32.0925178527832,63.22190475463867,0.0,0.0,26,21,63.22283172607422
70,30,921035,1179054,20,15,30.233007431030273,33.069068908691406,63.22283172607422,0.0,0.0,26,21,63.886695861816406
70,30,920951,1178994,20,15,30.134614944458008,33.069068908691406,63.886695861816406,0.0,0.0,26,21,64.48458862304688
70,30,920857,1179103,20,15,29.737150192260742,33.069068908691406,64.48458862304688,0.0,0.0,26,21,62.4707145690918
70,30,921051,1179269,20,15,29.426387786865234,30.777996063232422,62.4707145690918,0.0,0.0,26,22,62.47087478637695
70,30,921101,1179283,20,15,29.309236526489258,31.364715576171875,62.47087478637695,0.0,0.0,26,22,62.4710578918457
70,30,921146,1179164,20,15,29.720993041992188,32.501312255859375,62.4710578918457,0.0,0.0,26,21,63.87255859375
70,30,921062,1179199,20,15,29.564180374145508,32.501312255859375,63.87255859375,0.0,0.0,26,21,65.00806427001953
70,30,921107,1179267,20,15,29.625,30.091142654418945,65.00806427001953,0.0,0.0,26,21,58.64719009399414
70,30,921162,1179441,20,15,29.706157684326172,30.091142654418945,58.64719009399414,0.0,0.0,26,22,56.93619918823242
70,30,921202,1179446,20,15,29.600046157836914,30.731040954589844,56.93619918823242,0.0,0.0,26,22,58.22980499267578
70,30,921257,1179483,20,15,29.525989532470703,31.382471084594727,58.22980499267578,0.0,0.0,26,22,59.3922004699707
70,30,921173,1179432,20,15,29.48056411743164,31.382471084594727,59.3922004699707,0.0,0.0,26,22,60.439151763916016
70,30,921218,1179368,20,15,29.444202423095703,32.0963020324707,60.439151763916016,0.0,0.0,26,22,61.381893157958984
70,30,921134,1179287,20,15,29.838533401489258,32.0963020324707,61.381893157958984,0.0,0.0,26,21,62.2303581237793
70,30,921051,1179232,20,15,30.359365463256836,32.0963020324707,62.2303581237793,0.0,0.0,26,20,62.993995666503906
70,30,920968,1179266,20,15,30.322473526000977,32.0963020324707,62.993995666503906,0.0,0.0,26,20,64.29981994628906
70,30,921022,1179515,20,15,30.287906646728516,32.0963020324707,64.29981994628906,0.0,0.0,26,20,65.35826110839844
70,30,921339,1179845,20,15,29.67325210571289,33.14787673950195,65.35826110839844,0.0,0.0,26,21,65.35836029052734
70,30,921394,1179785,20,15,29.71666145324707,33.17932891845703,65.35836029052734,0.0,0.0,26,20,65.80899810791016
70,30,921311,1179768,20,15,29.52003288269043,33.17932891845703,65.80899810791016,0.0,0.0,26,21,66.21466064453125
70,30,921217,1179760,20,15,29.536991119384766,33.17932891845703,66.21466064453125,0.0,0.0,26,21,66.5796127319336
70,30,921271,1179789,20,15,29.401533126831055,33.65854263305664,66.5796127319336,0.0,0.0,26,21,67.2018051147461
70,30,921326,1179795,20,15,29.424911499023438,34.07918167114258,67.2018051147461,0.0,0.0,26,22,67.4666976928711
70,30,921371,1179716,20,15,29.971179962158203,34.100059509277344,67.4666976928711,0.0,0.0,26,21,67.91929626464844
70,30,921426,1179697,20,15,30.431507110595703,34.100059509277344,67.91929626464844,0.0,0.0,26,20,68.1124496459961
70,30,921342,1179726,20,15,30.295930862426758,34.100059509277344,68.1124496459961,0.0,0.0,26,20,68.11344146728516
70,30,921387,1179738,20,15,30.45315933227539,34.52386474609375,68.11344146728516,0.0,0.0,26,20,68.44508361816406
70,30,921441,1179790,20,15,30.584909439086914,34.50689697265625,68.44508361816406,0.0,0.0,26,21,68.58688354492188
70,30,921492,1179845,20,15,30.547945022583008,34.83297348022461,68.58688354492188,0.0,0.0,26,21,68.83151245117188
70,30,921536,1179870,20,15,30.896528244018555,35.28200912475586,68.83151245117188,0.0,0.0,26,21,68.83182525634766
70,30,921453,1179810,20,15,30.90235137939453,35.28200912475586,68.83182525634766,0.0,0.0,26,21,68.93566131591797
70,30,921369,1179794,20,15,30.604589462280273,35.49579620361328,68.93566131591797,0.0,0.0,26,21,69.02847290039062
70,30,921414,1179785,20,15,30.54401397705078,35.503440856933594,69.02847290039062,0.0,0.0,26,21,69.187744140625
70,30,921330,1179836,20,15,30.40811538696289,35.503440856933594,69.187744140625,0.0,0.0,26,22,67.03169250488281
70,30,921519,1179831,20,15,30.442604064941406,33.788875579833984,67.03169250488281,0.0,0.0,26,22,67.56741333007812
70,30,921425,1179861,20,15,30.547975540161133,33.788875579833984,67.56741333007812,0.0,0.0,26,22,68.1866226196289
70,30,921480,1179975,20,15,30.633426666259766,33.788875579833984,68.1866226196289,0.0,0.0,26,22,68.1866226196289
70,30,921673,1179869,20,15,30.633426666259766,34.15963363647461,68.1866226196289,0.0,0.0,26,22,68.1866226196289
70,30,921579,1179749,20,15,30.633426666259766,34.15963363647461,68.1866226196289,0.0,0.0,26,22,68.35455322265625
70,30,921485,1179676,20,15,30.593618392944336,34.45224380493164,68.35455322265625,0.0,0.0,26,22,68.35455322265625
70,30,921402,1179569,20,15,30.593618392944336,34.45224380493164,68.35455322265625,0.0,0.0,26,22,68.50407409667969
70,30,921319,1179824,20,15,29.923799514770508,32.020755767822266,68.50407409667969,0.0,0.0,26,22,63.913597106933594
70,30,921649,1180153,20,15,29.23054313659668,32.020755767822266,63.913597106933594,0.0,0.0,26,22,63.9138298034668
70,30,921827,1180153,20,15,29.074811935424805,33.422733306884766,63.9138298034668,0.0,0.0,26,22,64.5073471069336
70,30,921744,1180093,20,15,29.11920928955078,33.422733306884766,64.5073471069336,0.0,0.0,26,22,65.04171752929688
70,30,921650,1180202,20,15,28.831968307495117,33.422733306884766,65.04171752929688,0.0,0.0,26,23,62.6911506652832
70,30,921705,1180327,20,15,28.579038619995117,30.918018341064453,62.6911506652832,0.0,0.0,26,23,60.5762825012207
70,30,921893,1180493,20,15,28.39781951904297,30.918018341064453,60.5762825012207,0.0,0.0,26,23,60.576908111572266
70,30,921948,1180476,20,15,28.35725212097168,32.135650634765625,60.576908111572266,0.0,0.0,26,23,61.50461196899414
70,30,921854,1180399,20,15,28.442232131958008,32.135650634765625,61.50461196899414,0.0,0.0,26,23,62.339595794677734
70,30,921909,1180335,20,15,28.548921585083008,32.13029861450195,62.339595794677734,0.0,0.0,26,23,63.09109878540039
70,30,921826,1180254,20,15,29.344764709472656,32.13029861450195,63.09109878540039,0.0,0.0,26,22,64.37620544433594
70,30,921732,1180205,20,15,30.00155258178711,32.13029861450195,64.37620544433594,0.0,0.0,26,20,65.41715240478516
70,30,921787,1180508,20,15,29.3526611328125,32.13029861450195,65.41715240478516,0.0,0.0,26,21,66.2603530883789
70,30,922117,1180901,20,15,28.794471740722656,32.72897720336914,66.2603530883789,0.0,0.0,26,21,66.26038360595703
70,30,922167,1180915,20,15,28.711742401123047,33.6204948425293,66.26038360595703,0.0,0.0,26,21,66.2604751586914
70,30,922211,1180864,20,15,29.117996215820312,34.00862121582031,66.2604751586914,0.0,0.0,26,21,66.2604751586914
70,30,922128,1180757,20,15,29.117996215820312,34.00862121582031,66.2604751586914,0.0,0.0,26,21,66.62005615234375
70,30,922045,1180792,20,15,29.066364288330078,34.3896598815918,66.62005615234375,0.0,0.0,26,21,67.49633026123047
70,30,922089,1180979,20,15,28.976701736450195,34.3896598815918,67.49633026123047,0.0,0.0,26,22,67.94337463378906
70,30,922144,1181129,20,15,28.914085388183594,34.76516342163086,67.94337463378906,0.0,0.0,26,22,68.13351440429688
70,30,922326,1181121,20,15,28.729190826416016,34.70608901977539,68.13351440429688,0.0,0.0,26,22,68.3046646118164
70,30,922242,1181016,20,15,29.448854446411133,34.70608901977539,68.3046646118164,0.0,0.0,26,21,68.30486297607422
70,30,922159,1181030,20,15,29.310150146484375,35.079376220703125,68.30486297607422,0.0,0.0,26,21,68.60111999511719
70,30,922076,1181110,20,15,29.391700744628906,35.079376220703125,68.60111999511719,0.0,0.0,26,21,66.22186279296875
70,30,922264,1181218,20,15,29.28078269958496,32.71873474121094,66.22186279296875,0.0,0.0,26,21,64.0813980102539
70,30,922181,1181242,20,15,29.443944931030273,32.71873474121094,64.0813980102539,0.0,0.0,26,21,64.66173553466797
70,30,922363,1181233,20,15,29.572153091430664,33.533470153808594,64.66173553466797,0.0,0.0,26,21,62.75560760498047
70,30,922279,1181173,20,15,29.5253849029541,33.533470153808594,62.75560760498047,0.0,0.0,26,21,62.75560760498047
70,30,922196,1181067,20,15,29.5253849029541,33.533470153808594,62.75560760498047,0.0,0.0,26,21,62.756507873535156
70,30,922113,1181050,20,15,29.45267105102539,33.92980194091797,62.756507873535156,0.0,0.0,26,21,63.46831130981445
70,30,922157,1181132,20,15,29.582361221313477,33.90856170654297,63.46831130981445,0.0,0.0,26,22,64.10980987548828
70,30,922074,1181160,20,15,29.663827896118164,31.935077667236328,64.10980987548828,0.0,0.0,26,22,59.645877838134766
70,30,922262,1181414,20,15,29.32611846923828,31.935077667236328,59.645877838134766,0.0,0.0,26,22,58.446922302246094
70,30,922444,1181505,20,15,29.43121910095215,32.54721450805664,58.446922302246094,0.0,0.0,26,22,59.58940887451172
70,30,922488,1181497,20,15,29.62928009033203,33.45062255859375,59.58940887451172,0.0,0.0,26,22,59.59009552001953
70,30,922394,1181423,20,15,29.622852325439453,33.45062255859375,59.59009552001953,0.0,0.0,26,22,60.61798858642578
70,30,922311,1181407,20,15,29.43473243713379,33.8076057434082,60.61798858642578,0.0,0.0,26,22,61.543704986572266
70,30,922366,1181412,20,15,29.390422821044922,33.8076057434082,61.543704986572266,0.0,0.0,26,22,63.1262321472168
70,30,922283,1181463,20,15,29.461957931518555,33.8076057434082,63.1262321472168,0.0,0.0,26,22,63.80116653442383
70,30,922327,1181444,20,15,29.546531677246094,33.75774383544922,63.80116653442383,0.0,0.0,26,22,64.41008758544922
70,30,922381,1181462,20,15,29.71890640258789,34.046592712402344,64.41008758544922,0.0,0.0,26,22,65.8893051147461
70,30,922435,1181549,20,15,30.04981231689453,34.369476318359375,65.8893051147461,0.0,0.0,26,22,66.64427947998047
70,30,922617,1181527,20,15,30.070838928222656,34.67258834838867,66.64427947998047,0.0,0.0,26,22,66.64427947998047
70,30,922534,1181421,20,15,30.070838928222656,34.964599609375,66.64427947998047,0.0,0.0,26,22,66.64361572265625
70,30,922441,1181459,20,15,29.811710357666016,34.964599609375,66.64361572265625,0.0,0.0,26,22,66.96653747558594
70,30,922505,1181411,20,15,29.819068908691406,34.964599609375,66.96653747558594,0.0,0.0,26,22,67.25643920898438
70,30,922412,1181539,20,15,29.620315551757812,34.964599609375,67.25643920898438,0.0,0.0,26,23,67.5183334350586
70,30,922604,1181533,20,15,29.94855308532715,35.19024658203125,67.5183334350586,0.0,0.0,26,23,67.96631622314453
70,30,922521,1181576,20,15,30.224870681762695,33.17605209350586,67.96631622314453,0.0,0.0,26,22,64.01438903808594
70,30,922708,1181600,20,15,30.487770080566406,33.54581069946289,64.01438903808594,0.0,0.0,26,22,64.01438903808594
70,30,922758,1181494,20,15,30.487770080566406,33.91272735595703,64.01438903808594,0.0,0.0,26,22,64.01438903808594
70,30,922675,1181387,20,15,30.487770080566406,34.33961868286133,64.01438903808594,0.0,0.0,26,22,64.59944152832031
70,30,922592,1181328,20,15,30.400014877319336,34.33961868286133,64.59944152832031,0.0,0.0,26,22,65.12615966796875
70,30,922509,1181449,20,15,30.001373291015625,32.28854751586914,65.12615966796875,0.0,0.0,26,22,63.275535583496094
70,30,922701,1181613,20,15,29.6533145904541,32.28854751586914,63.275535583496094,0.0,0.0,26,22,60.10963821411133
70,30,922878,1181815,20,15,29.1149845123291,32.292030334472656,60.10963821411133,0.0,0.0,26,23,60.10954284667969
70,30,922795,1181755,20,15,29.147550582885742,32.292030334472656,60.10954284667969,0.0,0.0,26,23,60.10954284667969
70,30,922712,1181649,20,15,29.147550582885742,32.292030334472656,60.10954284667969,0.0,0.0,26,23,59.86992263793945
70,30,922619,1181876,20,15,28.64937973022461,31.407596588134766,59.86992263793945,0.0,0.0,26,23,60.25833511352539
70,30,922810,1182041,20,15,28.448741912841797,31.407596588134766,60.25833511352539,0.0,0.0,26,23,59.70841979980469
70,30,922987,1182122,20,15,28.271257400512695,32.13469314575195,59.70841979980469,0.0,0.0,26,23,59.99581527709961
70,30,922904,1182058,20,15,28.353431701660156,32.13469314575195,59.99581527709961,0.0,0.0,26,23,60.25453186035156
70,30,922958,1181994,20,15,28.43916130065918,32.55141067504883,60.25453186035156,0.0,0.0,26,23,61.42549514770508
70,30,922865,1181963,20,15,28.911357879638672,32.55141067504883,61.42549514770508,0.0,0.0,26,22,62.4395866394043
70,30,922919,1181992,20,15,29.16681480407715,32.89009094238281,62.4395866394043,0.0,0.0,26,22,62.59247589111328
70,30,922974,1181937,20,15,29.141569137573242,33.265525817871094,62.59247589111328,0.0,0.0,26,22,63.31916046142578
70,30,922880,1181909,20,15,29.28729820251465,33.265525817871094,63.31916046142578,0.0,0.0,26,21,63.8499755859375
70,30,922934,1181914,20,15,29.146841049194336,31.720252990722656,63.8499755859375,0.0,0.0,26,21,62.62886047363281
70,30,922841,1181820,20,15,29.807579040527344,32.05567932128906,62.62886047363281,0.0,0.0,26,20,61.91676712036133
70,30,922891,1181785,20,15,30.455102920532227,32.280094146728516,61.91676712036133,0.0,0.0,26,19,63.42521667480469
70,30,922808,1181987,20,15,30.502904891967773,32.280094146728516,63.42521667480469,0.0,0.0,26,19,64.93952178955078
70,30,922977,1182268,20,15,29.964948654174805,32.280094146728516,64.93952178955078,0.0,0.0,26,20,65.43119049072266
70,30,923168,1182393,20,15,29.545907974243164,32.98432922363281,65.43119049072266,0.0,0.0,26,20,65.6680908203125
70,30,923075,1182320,20,15,29.53981590270996,32.98432922363281,65.6680908203125,0.0,0.0,26,20,66.08737182617188
70,30,922992,1182440,20,15,29.1663818359375,32.98432922363281,66.08737182617188,0.0,0.0,26,21,65.07340240478516
70,30,923183,1182604,20,15,28.874113082885742,31.653202056884766,65.07340240478516,0.0,0.0,26,21,65.2237548828125
70,30,923223,1182605,20,15,28.681005477905273,31.96638298034668,65.2237548828125,0.0,0.0,26,21,65.35910034179688
70,30,923277,1182566,20,15,28.648603439331055,32.4499626159668,65.35910034179688,0.0,0.0,26,21,65.48094940185547
70,30,923194,1182461,20,15,29.411823272705078,32.4499626159668,65.48094940185547,0.0,0.0,26,21,65.9195327758789
70,30,923101,1182483,20,15,29.37494659423828,32.68827819824219,65.9195327758789,0.0,0.0,26,21,66.5792236328125
70,30,923155,1182562,20,15,29.560138702392578,32.68827819824219,66.5792236328125,0.0,0.0,26,21,67.2024154663086
70,30,923199,1182698,20,15,29.466751098632812,32.68827819824219,67.2024154663086,0.0,0.0,26,21,67.39707946777344
70,30,923253,1182712,20,15,29.353050231933594,33.477352142333984,67.39707946777344,0.0,0.0,26,21,67.5722885131836
70,30,923307,1182717,20,15,29.24435043334961,33.62615966796875,67.5722885131836,0.0,0.0,26,21,67.72999572753906
70,30,923224,1182612,20,15,29.582483291625977,33.81794357299805,67.72999572753906,0.0,0.0,26,21,67.94422912597656
70,30,923131,1182633,20,15,29.44666290283203,33.81794357299805,67.94422912597656,0.0,0.0,26,21,68.19605255126953
70,30,923185,1182713,20,15,29.433273315429688,33.81794357299805,68.19605255126953,0.0,0.0,26,21,65.65780639648438
70,30,923225,1182848,20,15,29.2652587890625,32.83558654785156,65.65780639648438,0.0,0.0,26,21,66.11774444580078
70,30,923279,1182853,20,15,29.490076065063477,33.098960876464844,66.11774444580078,0.0,0.0,26,21,66.1524429321289
70,30,923333,1182814,20,15,29.367969512939453,33.42095947265625,66.1524429321289,0.0,0.0,26,21,64.71553039550781
70,30,923240,1182741,20,15,29.367420196533203,33.42095947265625,64.71553039550781,0.0,0.0,26,21,64.74687957763672
70,30,923157,1182724,20,15,29.228893280029297,33.873931884765625,64.74687957763672,0.0,0.0,26,21,65.26007080078125
70,30,923211,1182729,20,15,29.220369338989258,33.873931884765625,65.26007080078125,0.0,0.0,26,22,65.74514770507812
70,30,923118,1182766,20,15,29.34548568725586,33.873931884765625,65.74514770507812,0.0,0.0,26,22,65.7848892211914
70,30,923305,1182739,20,15,29.588199615478516,33.21879959106445,65.7848892211914,0.0,0.0,26,22,66.54695892333984
70,30,923222,1182681,20,15,30.201534271240234,33.21879959106445,66.54695892333984,0.0,0.0,26,22,67.17952728271484
70,30,923129,1182679,20,15,30.43947410583496,33.21879959106445,67.17952728271484,0.0,0.0,26,22,67.90035247802734
70,30,923183,1182904,20,15,30.156375885009766,33.21879959106445,67.90035247802734,0.0,0.0,26,22,68.27582550048828
70,30,923511,1183151,20,15,29.6175479888916,33.472496032714844,68.27582550048828,0.0,0.0,26,22,68.28394317626953
70,30,923565,1183069,20,15,29.802688598632812,34.02081298828125,68.28394317626953,0.0,0.0,26,22,68.291259765625
70,30,923472,1182951,20,15,30.329723358154297,34.02081298828125,68.291259765625,0.0,0.0,26,21,68.45010375976562
70,30,923389,1182986,20,15,30.304004669189453,34.34912109375,68.45010375976562,0.0,0.0,26,21,68.71621704101562
70,30,923433,1183052,20,15,30.247547149658203,34.34912109375,68.71621704101562,0.0,0.0,26,21,68.93233489990234
70,30,923497,1183193,20,15,29.88884735107422,34.34912109375,68.93233489990234,0.0,0.0,26,21,69.02709197998047
70,30,923541,1183214,20,15,29.805509567260742,34.423397064208984,69.02709197998047,0.0,0.0,26,22,69.10791015625
70,30,923595,1183219,20,15,29.658937454223633,34.5351676940918,69.10791015625,0.0,0.0,26,22,69.18067932128906
70,30,923502,1183101,20,15,30.098119735717773,34.845035552978516,69.18067932128906,0.0,0.0,26,21,69.30810546875
70,30,923419,1183136,20,15,29.98455047607422,34.845035552978516,69.30810546875,0.0,0.0,26,21,69.4162368774414
70,30,923463,1183227,20,15,30.01515007019043,34.845035552978516,69.4162368774414,0.0,0.0,26,21,69.56941223144531
70,30,923517,1183443,20,15,29.97168731689453,34.845035552978516,69.56941223144531,0.0,0.0,26,22,69.64822387695312
70,30,923560,1183481,20,15,30.081756591796875,34.940162658691406,69.64822387695312,0.0,0.0,26,22,69.6709213256836
70,30,923614,1183439,20,15,30.156455993652344,34.99714279174805,69.6709213256836,0.0,0.0,26,22,69.6721420288086
70,30,923532,1183423,20,15,29.94674301147461,34.99714279174805,69.6721420288086,0.0,0.0,26,22,69.6732406616211
70,30,923571,1183393,20,15,29.79244041442871,35.257930755615234,69.6732406616211,0.0,0.0,26,22,69.69219207763672
70,30,923489,1183313,20,15,30.279577255249023,35.257930755615234,69.69219207763672,0.0,0.0,26,21,69.7100601196289
70,30,923406,1183278,20,15,30.787534713745117,35.257930755615234,69.7100601196289,0.0,0.0,26,20,69.725341796875
70,30,923323,1183411,20,15,30.37226676940918,35.257930755615234,69.725341796875,0.0,0.0,26,20,69.7514877319336
70,30,923514,1183648,20,15,30.278385162353516,35.257930755615234,69.7514877319336,0.0,0.0,26,20,69.76210021972656
70,30,923694,1183639,20,15,30.148239135742188,35.46699523925781,69.76210021972656,0.0,0.0,26,20,69.76409912109375
70,30,923611,1183553,20,15,30.326189041137695,35.46699523925781,69.76409912109375,0.0,0.0,26,20,69.76589965820312
70,30,923665,1183467,20,15,30.425657272338867,35.876529693603516,69.76589965820312,0.0,0.0,26,20,69.77653503417969
70,30,923572,1183468,20,15,30.84584617614746,35.876529693603516,69.77653503417969,0.0,0.0,26,20,69.7861099243164
70,30,923626,1183528,20,15,30.571821212768555,35.876529693603516,69.7861099243164,0.0,0.0,26,20,69.80870056152344
70,30,923670,1183741,20,15,30.23247528076172,35.876529693603516,69.80870056152344,0.0,0.0,26,21,69.81397247314453
70,30,923724,1183754,20,15,30.147188186645508,36.01685333251953,69.81397247314453,0.0,0.0,26,21,69.81947326660156
70,30,923778,1183650,20,15,30.512041091918945,36.269935607910156,69.81947326660156,0.0,0.0,26,20,69.82568359375
70,30,923685,1183574,20,15,31.186742782592773,36.269935607910156,69.82568359375,0.0,0.0,26,20,69.82623291015625
70,30,923734,1183495,20,15,31.09001350402832,34.555076599121094,69.82623291015625,0.0,0.0,26,20,67.8683853149414
70,30,923652,1183437,20,15,31.295080184936523,34.555076599121094,67.8683853149414,0.0,0.0,26,20,64.52046203613281
70,30,923559,1183531,20,15,31.17122459411621,34.555076599121094,64.52046203613281,0.0,0.0,26,21,63.09434127807617
70,30,923623,1183670,20,15,30.73909568786621,34.63815689086914,63.09434127807617,0.0,0.0,26,21,60.65325164794922
70,30,923950,1183905,20,15,30.158010482788086,34.843807220458984,60.65325164794922,0.0,0.0,26,21,60.65443801879883
70,30,923857,1183806,20,15,30.251296997070312,35.08900833129883,60.65443801879883,0.0,0.0,26,21,60.65557098388672
70,30,923911,1183719,20,15,30.297801971435547,35.28550720214844,60.65557098388672,0.0,0.0,26,21,61.577816009521484
70,30,923828,1183734,20,15,30.57142448425293,35.28550720214844,61.577816009521484,0.0,0.0,26,20,62.40576171875
70,30,923872,1183734,20,15,30.460901260375977,35.51774978637695,62.40576171875,0.0,0.0,26,20,63.15066909790039
70,30,923790,1183639,20,15,31.036046981811523,35.51774978637695,63.15066909790039,0.0,0.0,26,20,63.821083068847656
70,30,923833,1183555,20,15,31.37077522277832,35.73868942260742,63.821083068847656,0.0,0.0,26,20,62.77643585205078
70,30,923751,1183613,20,15,30.965614318847656,35.73868942260742,62.77643585205078,0.0,0.0,26,20,62.7763671875
70,30,923804,1183626,20,15,30.63620948791504,35.929534912109375,62.7763671875,0.0,0.0,26,20,63.48554229736328
70,30,923712,1183518,20,15,30.877214431762695,35.944915771484375,63.48554229736328,0.0,0.0,26,20,64.12516021728516
70,30,923766,1183446,20,15,31.301586151123047,35.944915771484375,64.12516021728516,0.0,0.0,26,20,65.21785736083984
70,30,923683,1183420,20,15,31.30446434020996,35.944915771484375,65.21785736083984,0.0,0.0,26,21,66.10401153564453
70,30,923591,1183571,20,15,30.960081100463867,35.944915771484375,66.10401153564453,0.0,0.0,26,21,67.12716674804688
70,30,923780,1183825,20,15,30.449838638305664,35.99595642089844,67.12716674804688,0.0,0.0,26,21,67.64852142333984
70,30,923970,1183957,20,15,30.153034210205078,35.9844856262207,67.64852142333984,0.0,0.0,26,21,67.64933013916016
70,30,923878,1183848,20,15,30.395431518554688,35.9844856262207,67.64933013916016,0.0,0.0,26,21,67.65007781982422
70,30,923927,1183753,20,15,30.715667724609375,36.19792938232422,67.65007781982422,0.0,0.0,26,21,67.8725357055664
70,30,923835,1183660,20,15,31.123577117919922,36.19792938232422,67.8725357055664,0.0,0.0,26,21,68.07333374023438
70,30,923763,1183638,20,15,31.486886978149414,36.19792938232422,68.07333374023438,0.0,0.0,26,20,68.41561889648438
70,30,923670,1183922,20,15,30.58182716369629,36.19792938232422,68.41561889648438,0.0,0.0,26,20,68.69288635253906
70,30,924006,1184280,20,15,29.67000389099121,36.19792938232422,68.69288635253906,0.0,0.0,26,21,68.91719055175781
70,30,924186,1184435,20,15,29.30634307861328,36.30197525024414,68.91719055175781,0.0,0.0,26,21,68.91719055175781
70,30,924103,1184330,20,15,29.30634307861328,36.30197525024414,68.91719055175781,0.0,0.0,26,21,68.91719055175781
70,30,924011,1184211,20,15,29.30634307861328,36.324180603027344,68.91719055175781,0.0,0.0,26,21,69.01359558105469
70,30,923928,1184152,20,15,29.35728645324707,36.324180603027344,69.01359558105469,0.0,0.0,26,21,69.09839630126953
70,30,923836,1184390,20,15,28.787464141845703,34.98065185546875,69.09839630126953,0.0,0.0,26,22,66.43291473388672
70,30,924161,1184713,20,15,28.32253646850586,34.98065185546875,66.43291473388672,0.0,0.0,26,22,65.29622650146484
70,30,924347,1184955,20,15,27.9677677154541,35.2390022277832,65.29622650146484,0.0,0.0,26,22,65.75389099121094
70,30,924254,1184847,20,15,28.22650146484375,35.523338317871094,65.75389099121094,0.0,0.0,26,22,66.16581726074219
70,30,924308,1184751,20,15,28.459901809692383,35.601409912109375,66.16581726074219,0.0,0.0,26,22,66.53681945800781
70,30,924215,1184658,20,15,29.01246452331543,35.601409912109375,66.53681945800781,0.0,0.0,26,22,67.17105102539062
70,30,924133,1184623,20,15,29.462825775146484,35.601409912109375,67.17105102539062,0.0,0.0,26,21,67.68499755859375
70,30,924051,1184920,20,15,28.93600845336914,35.601409912109375,67.68499755859375,0.0,0.0,26,21,68.1014633178711
70,30,924376,1185264,20,15,28.361440658569336,35.66373825073242,68.1014633178711,0.0,0.0,26,22,68.27921295166016
70,30,924561,1185432,20,15,28.259078979492188,35.59484100341797,68.27921295166016,0.0,0.0,26,22,68.27921295166016
70,30,924479,1185327,20,15,28.259078979492188,35.81770324707031,68.27921295166016,0.0,0.0,26,22,68.4384765625
70,30,924387,1185254,20,15,28.26549530029297,35.81770324707031,68.4384765625,0.0,0.0,26,22,68.58143615722656
70,30,924304,1185373,20,15,28.066389083862305,34.54769515991211,68.58143615722656,0.0,0.0,26,22,67.17124938964844
70,30,924494,1185536,20,15,28.023683547973633,34.54769515991211,67.17124938964844,0.0,0.0,26,22,65.9021987915039
70,30,924683,1185745,20,15,27.784143447875977,34.82697296142578,65.9021987915039,0.0,0.0,26,22,65.9021987915039
70,30,924591,1185626,20,15,27.784143447875977,35.1060676574707,65.9021987915039,0.0,0.0,26,22,66.2988510131836
70,30,924508,1185567,20,15,27.827470779418945,35.1060676574707,66.2988510131836,0.0,0.0,26,22,66.65640258789062
70,30,924416,1185673,20,15,27.646528244018555,33.93544387817383,66.65640258789062,0.0,0.0,26,22,65.46649169921875
70,30,924616,1185848,20,15,27.64446258544922,33.93544387817383,65.46649169921875,0.0,0.0,26,22,64.3957748413086
70,30,924801,1186061,20,15,27.4781436920166,34.28114318847656,64.3957748413086,0.0,0.0,26,23,64.94357299804688
70,30,924708,1185984,20,15,27.567407608032227,34.658016204833984,64.94357299804688,0.0,0.0,26,23,65.43663024902344
70,30,924762,1185920,20,15,27.659523010253906,34.66156005859375,65.43663024902344,0.0,0.0,26,23,65.88038635253906
70,30,924669,1185827,20,15,28.279619216918945,34.66156005859375,65.88038635253906,0.0,0.0,26,22,66.6392593383789
70,30,924587,1185792,20,15,28.861791610717773,34.66156005859375,66.6392593383789,0.0,0.0,26,21,67.25393676757812
70,30,924641,1186089,20,15,28.443716049194336,34.66156005859375,67.25393676757812,0.0,0.0,26,22,67.75186157226562
70,30,924830,1186441,20,15,27.938785552978516,34.66156005859375,67.75186157226562,0.0,0.0,26,22,67.7518539428711
70,30,924873,1186341,20,15,28.309659957885742,34.92234420776367,67.7518539428711,0.0,0.0,26,22,67.75128173828125
70,30,924916,1186242,20,15,28.664451599121094,35.379310607910156,67.75128173828125,0.0,0.0,26,22,67.75079345703125
70,30,924844,1186151,20,15,29.198612213134766,35.379310607910156,67.75079345703125,0.0,0.0,26,21,66.6807861328125
70,30,924752,1186270,20,15,28.957794189453125,34.149505615234375,66.6807861328125,0.0,0.0,26,21,66.99922180175781
70,30,924801,1186166,20,15,29.299396514892578,34.476261138916016,66.99922180175781,0.0,0.0,26,21,67.28509521484375
70,30,924709,1186122,20,15,29.702411651611328,34.476261138916016,67.28509521484375,0.0,0.0,26,20,67.77532958984375
70,30,924752,1186260,20,15,29.412046432495117,34.41953659057617,67.77532958984375,0.0,0.0,26,20,67.77560424804688
70,30,924680,1186358,20,15,29.099531173706055,34.41953659057617,67.77560424804688,0.0,0.0,26,20,68.17333984375
70,30,924859,1186360,20,15,29.215534210205078,34.68802261352539,68.17333984375,0.0,0.0,26,21,68.34329223632812
70,30,924912,1186256,20,15,29.46657371520996,34.75297546386719,68.34329223632812,0.0,0.0,26,20,68.3449935913086
70,30,924820,1186322,20,15,29.303611755371094,33.353294372558594,68.3449935913086,0.0,0.0,26,20,68.34573364257812
70,30,924873,1186218,20,15,30.093557357788086,33.7287483215332,68.34573364257812,0.0,0.0,26,20,68.63678741455078
70,30,924781,1186175,20,15,30.55148696899414,33.7287483215332,68.63678741455078,0.0,0.0,26,19,67.28105163574219
70,30,924699,1186207,20,15,30.412879943847656,32.669857025146484,67.28105163574219,0.0,0.0,26,19,64.96276092529297
70,30,924752,1186451,20,15,30.36231803894043,32.669857025146484,64.96276092529297,0.0,0.0,26,19,63.763946533203125
70,30,924941,1186786,20,15,29.683622360229492,33.211055755615234,63.763946533203125,0.0,0.0,26,20,64.37467956542969
70,30,925130,1186727,20,15,29.685077667236328,33.69875717163086,64.37467956542969,0.0,0.0,26,20,64.37471771240234
70,30,925038,1186697,20,15,29.528554916381836,33.69875717163086,64.37471771240234,0.0,0.0,26,20,64.37479400634766
70,30,924956,1186680,20,15,29.358640670776367,34.07626724243164,64.37479400634766,0.0,0.0,26,20,64.92434692382812
70,30,925009,1186684,20,15,29.291305541992188,34.07626724243164,64.92434692382812,0.0,0.0,26,21,65.41931915283203
70,30,924927,1186734,20,15,29.36722755432129,33.0628662109375,65.41931915283203,0.0,0.0,26,21,66.26567840576172
70,30,925112,1186752,20,15,29.493452072143555,33.50575256347656,66.26567840576172,0.0,0.0,26,21,66.62692260742188
70,30,925030,1186747,20,15,29.794719696044922,33.50575256347656,66.62692260742188,0.0,0.0,26,21,67.2441635131836
70,30,925204,1186780,20,15,29.96135902404785,33.87941360473633,67.2441635131836,0.0,0.0,26,21,67.2441635131836
70,30,925247,1186661,20,15,29.96135902404785,34.290733337402344,67.2441635131836,0.0,0.0,26,21,67.2441635131836
70,30,925165,1186556,20,15,29.96135902404785,34.6568603515625,67.2441635131836,0.0,0.0,26,21,67.50767517089844
70,30,925083,1186497,20,15,29.917381286621094,34.6568603515625,67.50767517089844,0.0,0.0,26,21,67.74593353271484
70,30,924991,1186734,20,15,29.31533432006836,33.38278579711914,67.74593353271484,0.0,0.0,26,22,65.01667022705078
70,30,925325,1187068,20,15,28.692646026611328,33.38278579711914,65.01667022705078,0.0,0.0,26,22,65.01728057861328
70,30,925499,1187068,20,15,28.558555603027344,34.200775146484375,65.01728057861328,0.0,0.0,26,22,65.01728057861328
70,30,925417,1186963,20,15,28.558555603027344,34.5758171081543,65.01728057861328,0.0,0.0,26,22,65.5020523071289
70,30,925335,1186903,20,15,28.54878807067871,34.5758171081543,65.5020523071289,0.0,0.0,26,22,65.9384536743164
70,30,925243,1187009,20,15,28.293058395385742,33.14936065673828,65.9384536743164,0.0,0.0,26,22,64.47498321533203
70,30,925421,1187157,20,15,28.197912216186523,33.14936065673828,64.47498321533203,0.0,0.0,26,22,63.15810775756836
70,30,925605,1187369,20,15,27.927108764648438,33.9779167175293,63.15810775756836,0.0,0.0,26,23,63.829872131347656
70,30,925523,1187305,20,15,27.981121063232422,33.9476318359375,63.829872131347656,0.0,0.0,26,23,64.43450927734375
70,30,925577,1187241,20,15,28.038570404052734,33.95877456665039,64.43450927734375,0.0,0.0,26,23,65.46812438964844
70,30,925485,1187210,20,15,28.45011329650879,33.95877456665039,65.46812438964844,0.0,0.0,26,22,66.30504608154297
70,30,925538,1187259,20,15,28.855865478515625,33.95877456665039,66.30504608154297,0.0,0.0,26,21,67.272216796875
70,30,925591,1187399,20,15,29.17626953125,33.96762466430664,67.272216796875,0.0,0.0,26,21,67.97691345214844
70,30,925769,1187608,20,15,28.994752883911133,34.310447692871094,67.97691345214844,0.0,0.0,26,21,68.16564178466797
70,30,925687,1187590,20,15,29.209484100341797,34.310447692871094,68.16564178466797,0.0,0.0,26,21,68.33645629882812
70,30,925740,1187551,20,15,29.132144927978516,34.66135025024414,68.33645629882812,0.0,0.0,26,21,68.49044799804688
70,30,925648,1187498,20,15,29.400897979736328,34.66135025024414,68.49044799804688,0.0,0.0,26,21,68.62906646728516
70,30,925691,1187465,20,15,29.43332862854004,34.995941162109375,68.62906646728516,0.0,0.0,26,21,68.75364685058594
70,30,925609,1187408,20,15,29.65774154663086,34.995941162109375,68.75364685058594,0.0,0.0,26,21,68.86597442626953
70,30,925663,1187395,20,15,30.048091888427734,33.73054885864258,68.86597442626953,0.0,0.0,26,22,66.09435272216797
70,30,925570,1187581,20,15,29.647289276123047,33.73054885864258,66.09435272216797,0.0,0.0,26,22,63.84931945800781
70,30,925894,1187839,20,15,29.26178741455078,33.688011169433594,63.84931945800781,0.0,0.0,26,22,63.84931945800781
70,30,925947,1187734,20,15,29.26178741455078,33.9462776184082,63.84931945800781,0.0,0.0,26,22,64.45184326171875
70,30,925855,1187661,20,15,29.308731079101562,33.9462776184082,64.45184326171875,0.0,0.0,26,22,64.45287322998047
70,30,925773,1187645,20,15,29.175817489624023,34.296993255615234,64.45287322998047,0.0,0.0,26,22,64.99502563476562
70,30,925826,1187649,20,15,29.20350456237793,34.296993255615234,64.99502563476562,0.0,0.0,26,22,65.48375701904297
70,30,925744,1187698,20,15,29.34124183654785,34.296993255615234,65.48375701904297,0.0,0.0,26,22,65.92431640625
70,30,925928,1187693,20,15,29.835342407226562,33.28873062133789,65.92431640625,0.0,0.0,26,22,66.67694854736328
70,30,925836,1187742,20,15,30.157686233520508,33.28873062133789,66.67694854736328,0.0,0.0,26,22,67.28608703613281
70,30,926024,1187853,20,15,29.90398406982422,33.25480270385742,67.28608703613281,0.0,0.0,26,22,67.2861328125
70,30,926067,1187749,20,15,30.10493278503418,33.66501998901367,67.2861328125,0.0,0.0,26,22,67.2861328125
70,30,925985,1187645,20,15,30.10493278503418,34.09073257446289,67.2861328125,0.0,0.0,26,22,67.54559326171875
70,30,925903,1187585,20,15,30.111217498779297,34.14314651489258,67.54559326171875,0.0,0.0,26,22,67.54566955566406
70,30,925811,1187585,20,15,29.80555534362793,34.14314651489258,67.54566955566406,0.0,0.0,26,22,67.77935028076172
70,30,925730,1187834,20,15,29.161771774291992,34.095909118652344,67.77935028076172,0.0,0.0,26,22,68.17878723144531
70,30,926052,1188154,20,15,28.55674171447754,34.095909118652344,68.17878723144531,0.0,0.0,26,23,68.34908294677734
70,30,926226,1188263,20,15,28.24219512939453,34.81037521362305,68.34908294677734,0.0,0.0,26,23,68.50244903564453
70,30,926144,1188168,20,15,28.502521514892578,34.81037521362305,68.50244903564453,0.0,0.0,26,23,68.64048767089844
70,30,926187,1188060,20,15,28.723106384277344,34.847625732421875,68.64048767089844,0.0,0.0,26,23,68.87702941894531
70,30,926105,1188074,20,15,29.042984008789062,34.847625732421875,68.87702941894531,0.0,0.0,26,22,69.06906127929688
70,30,926158,1188155,20,15,29.28942108154297,34.847625732421875,69.06906127929688,0.0,0.0,26,22,69.15093994140625
70,30,926201,1188249,20,15,28.95805549621582,35.092247009277344,69.15093994140625,0.0,0.0,26,22,69.22284698486328
70,30,926254,1188154,20,15,29.224037170410156,35.128570556640625,69.22284698486328,0.0,0.0,26,22,69.28756713867188
70,30,926172,1188050,20,15,29.492443084716797,35.43003463745117,69.28756713867188,0.0,0.0,26,21,69.34709930419922
70,30,926091,1188084,20,15,29.439348220825195,35.43003463745117,69.34709930419922,0.0,0.0,26,22,69.40074157714844
70,30,926154,1188175,20,15,29.572189331054688,35.43003463745117,69.40074157714844,0.0,0.0,26,22,69.49237823486328
70,30,926197,1188309,20,15,29.442251205444336,35.43003463745117,69.49237823486328,0.0,0.0,26,22,69.49250030517578
70,30,926250,1188323,20,15,29.440614700317383,35.66200256347656,69.49250030517578,0.0,0.0,26,22,69.53069305419922
70,30,926303,1188359,20,15,29.604631423950195,35.82323455810547,69.53069305419922,0.0,0.0,26,22,67.95854187011719
70,30,926221,1188342,20,15,29.444398880004883,35.82323455810547,67.95854187011719,0.0,0.0,26,22,66.54341888427734
70,30,926139,1188326,20,15,29.29734992980957,35.82323455810547,66.54341888427734,0.0,0.0,26,22,65.05290985107422
70,30,926182,1188233,20,15,29.750001907348633,34.21321487426758,65.05290985107422,0.0,0.0,26,22,63.711448669433594
70,30,926100,1188179,20,15,30.017593383789062,34.21321487426758,63.711448669433594,0.0,0.0,26,21,61.76813507080078
70,30,926143,1188255,20,15,29.73154067993164,33.10102462768555,61.76813507080078,0.0,0.0,26,21,60.508995056152344
70,30,926062,1188507,20,15,29.22524642944336,33.10102462768555,60.508995056152344,0.0,0.0,26,22,59.972198486328125
70,30,926374,1188564,20,15,29.001649856567383,33.092071533203125,59.972198486328125,0.0,0.0,26,22,59.48893356323242
70,30,926427,1188483,20,15,29.092676162719727,33.085899353027344,59.48893356323242,0.0,0.0,26,22,59.05387878417969
70,30,926345,1188380,20,15,29.40633201599121,33.085899353027344,59.05387878417969,0.0,0.0,26,21,58.66307067871094
70,30,926263,1188413,20,15,29.288440704345703,33.50133514404297,58.66307067871094,0.0,0.0,26,21,59.785526275634766
70,30,926306,1188478,20,15,29.378286361694336,33.50133514404297,59.785526275634766,0.0,0.0,26,22,61.70346450805664
70,30,926365,1188637,20,15,29.226085662841797,33.50133514404297,61.70346450805664,0.0,0.0,26,22,62.52157974243164
70,30,926408,1188627,20,15,29.496402740478516,34.18650817871094,62.52157974243164,0.0,0.0,26,22,63.25867462158203
70,30,926460,1188663,20,15,29.54631233215332,34.471946716308594,63.25867462158203,0.0,0.0,26,22,63.922000885009766
70,30,926513,1188701,20,15,29.560522079467773,35.050567626953125,63.922000885009766,0.0,0.0,26,22,64.51790618896484
70,30,926432,1188670,20,15,29.599882125854492,35.050567626953125,64.51790618896484,0.0,0.0,26,22,65.0542221069336
70,30,926474,1188649,20,15,29.55857276916504,33.55143356323242,65.0542221069336,0.0,0.0,26,22,63.6600456237793
70,30,926393,1188592,20,15,29.842140197753906,33.55143356323242,63.6600456237793,0.0,0.0,26,22,61.275421142578125
70,30,926436,1188566,20,15,29.965904235839844,33.55143356323242,61.275421142578125,0.0,0.0,26,22,60.05636978149414
70,30,926344,1188714,20,15,29.760860443115234,32.494354248046875,60.05636978149414,0.0,0.0,26,22,59.0682258605957
70,30,926531,1188819,20,15,29.545074462890625,32.47813415527344,59.0682258605957,0.0,0.0,26,22,58.64649963378906
70,30,926574,1188818,20,15,29.36960792541504,32.479976654052734,58.64649963378906,0.0,0.0,26,22,58.26681900024414
70,30,926492,1188715,20,15,29.733051300048828,32.479976654052734,58.26681900024414,0.0,0.0,26,22,57.92546081542969
70,30,926400,1188735,20,15,29.608661651611328,33.03384017944336,57.92546081542969,0.0,0.0,26,22,59.1207389831543
70,30,926453,1188813,20,15,29.619882583618164,33.03384017944336,59.1207389831543,0.0,0.0,26,22,61.163822174072266
70,30,926502,1188959,20,15,29.418031692504883,33.03384017944336,61.163822174072266,0.0,0.0,26,22,61.164215087890625
70,30,926679,1188907,20,15,29.375608444213867,32.55778884887695,61.164215087890625,0.0,0.0,26,22,61.164215087890625
70,30,926597,1188802,20,15,29.375608444213867,32.55778884887695,61.164215087890625,0.0,0.0,26,22,61.164215087890625
70,30,926506,1188684,20,15,29.375608444213867,33.07794189453125,61.164215087890625,0.0,0.0,26,22,62.03452682495117
70,30,926424,1188625,20,15,29.33079719543457,33.07794189453125,62.03452682495117,0.0,0.0,26,22,62.81843185424805
70,30,926343,1188873,20,15,28.82786750793457,33.07794189453125,62.81843185424805,0.0,0.0,26,22,62.013031005859375
70,30,926530,1189104,20,15,28.43141746520996,32.09969711303711,62.013031005859375,0.0,0.0,26,22,60.63435363769531
70,30,926837,1189418,20,15,27.968950271606445,32.64118194580078,60.63435363769531,0.0,0.0,26,23,60.63521194458008
70,30,926890,1189315,20,15,28.687362670898438,33.19456481933594,60.63521194458008,0.0,0.0,26,22,61.55911636352539
70,30,926798,1189241,20,15,28.707590103149414,33.19456481933594,61.55911636352539,0.0,0.0,26,22,61.55989074707031
70,30,926716,1189224,20,15,28.60161781311035,33.60112762451172,61.55989074707031,0.0,0.0,26,22,62.392852783203125
70,30,926769,1189228,20,15,28.638858795166016,33.60112762451172,62.392852783203125,0.0,0.0,26,22,63.14369583129883
70,30,926678,1189264,20,15,28.87590980529785,33.60112762451172,63.14369583129883,0.0,0.0,26,22,63.14582443237305
70,30,926860,1189237,20,15,29.17268180847168,33.456932067871094,63.14582443237305,0.0,0.0,26,22,64.42652130126953
70,30,926779,1189180,20,15,29.8293514251709,33.456932067871094,64.42652130126953,0.0,0.0,26,22,65.46475219726562
70,30,926687,1189177,20,15,30.22979164123535,33.456932067871094,65.46475219726562,0.0,0.0,26,22,66.66372680664062
70,30,926740,1189397,20,15,29.994304656982422,33.456932067871094,66.66372680664062,0.0,0.0,26,22,67.27692413330078
70,30,927061,1189639,20,15,29.608013153076172,33.3930778503418,67.27692413330078,0.0,0.0,26,22,67.53793334960938
70,30,927114,1189554,20,15,29.72974395751953,33.308780670166016,67.53793334960938,0.0,0.0,26,22,67.7728500366211
70,30,927022,1189437,20,15,30.041820526123047,33.308780670166016,67.7728500366211,0.0,0.0,26,21,67.98273468017578
70,30,926941,1189471,20,15,29.894548416137695,33.671451568603516,67.98273468017578,0.0,0.0,26,22,68.17086791992188
70,30,926993,1189548,20,15,29.85733413696289,33.671451568603516,68.17086791992188,0.0,0.0,26,22,68.49404907226562
70,30,927036,1189680,20,15,29.60388946533203,33.671451568603516,68.49404907226562,0.0,0.0,26,22,68.49351501464844
70,30,927089,1189693,20,15,29.395849227905273,34.032596588134766,68.49351501464844,0.0,0.0,26,22,68.4930419921875
70,30,927141,1189697,20,15,29.25785255432129,34.374969482421875,68.4930419921875,0.0,0.0,26,22,68.49390411376953
70,30,927050,1189581,20,15,29.768693923950195,34.578426361083984,68.49390411376953,0.0,0.0,26,21,68.63350677490234
70,30,926968,1189615,20,15,29.823955535888672,34.578426361083984,68.63350677490234,0.0,0.0,26,21,68.97159576416016
70,30,927021,1189716,20,15,29.89369010925293,34.578426361083984,68.97159576416016,0.0,0.0,26,21,69.21900177001953
70,30,927074,1189928,20,15,30.1193904876709,34.578426361083984,69.21900177001953,0.0,0.0,26,22,69.21935272216797
70,30,927261,1189869,20,15,30.056415557861328,34.88973617553711,69.21935272216797,0.0,0.0,26,22,69.21935272216797
70,30,927169,1189751,20,15,30.056415557861328,35.15640640258789,69.21935272216797,0.0,0.0,26,22,69.21949005126953
70,30,927088,1189692,20,15,30.041950225830078,35.15640640258789,69.21949005126953,0.0,0.0,26,22,69.28596496582031
70,30,926996,1189797,20,15,29.649738311767578,32.81747055053711,69.28596496582031,0.0,0.0,26,22,67.13121032714844
70,30,927183,1189956,20,15,29.307531356811523,32.81747055053711,67.13121032714844,0.0,0.0,26,22,67.22332000732422
70,30,927355,1189958,20,15,29.603721618652344,33.51658630371094,67.22332000732422,0.0,0.0,26,22,67.45024871826172
70,30,927274,1189897,20,15,29.648632049560547,33.51658630371094,67.45024871826172,0.0,0.0,26,22,67.87760925292969
70,30,927192,1189952,20,15,29.64478302001953,33.51658630371094,67.87760925292969,0.0,0.0,26,22,68.25848388671875
70,30,927245,1190052,20,15,29.622461318969727,33.757999420166016,68.25848388671875,0.0,0.0,26,22,68.6487808227539
70,30,927417,1190163,20,15,29.67612075805664,33.867820739746094,68.6487808227539,0.0,0.0,26,22,68.7953872680664
70,30,927336,1190198,20,15,29.598678588867188,33.867820739746094,68.7953872680664,0.0,0.0,26,22,68.8162612915039
70,30,927388,1190170,20,15,29.447559356689453,34.01286315917969,68.8162612915039,0.0,0.0,26,22,68.90531921386719
70,30,927297,1190107,20,15,29.432498931884766,34.01286315917969,68.90531921386719,0.0,0.0,26,22,68.9834976196289
70,30,927349,1190057,20,15,29.387218475341797,34.400909423828125,68.9834976196289,0.0,0.0,26,22,69.07276916503906
70,30,927268,1189977,20,15,29.919893264770508,34.400909423828125,69.07276916503906,0.0,0.0,26,21,69.21011352539062
70,30,927187,1189943,20,15,30.551671981811523,34.6026496887207,69.21011352539062,0.0,0.0,26,20,69.336669921875
70,30,927239,1190183,20,15,30.396730422973633,34.6026496887207,69.336669921875,0.0,0.0,26,20,69.4492416381836
70,30,927426,1190514,20,15,29.743703842163086,34.6026496887207,69.4492416381836,0.0,0.0,26,21,69.45829772949219
70,30,927608,1190526,20,15,29.637500762939453,35.14749526977539,69.45829772949219,0.0,0.0,26,21,69.46646118164062
70,30,927516,1190454,20,15,29.62412452697754,35.14749526977539,69.46646118164062,0.0,0.0,26,21,69.50148010253906
70,30,927435,1190437,20,15,29.443708419799805,35.29374694824219,69.50148010253906,0.0,0.0,26,21,69.54076385498047
70,30,927477,1190428,20,15,29.484220504760742,35.3641357421875,69.54076385498047,0.0,0.0,26,21,69.60037994384766
70,30,927396,1190477,20,15,29.629375457763672,33.004547119140625,69.60037994384766,0.0,0.0,26,22,67.30332946777344
70,30,927583,1190460,20,15,29.42161750793457,33.23579788208008,67.30332946777344,0.0,0.0,26,22,65.24217224121094
70,30,927491,1190382,20,15,30.09202766418457,33.23579788208008,65.24217224121094,0.0,0.0,26,21,61.71222686767578
70,30,927534,1190350,20,15,30.596019744873047,33.23579788208008,61.71222686767578,0.0,0.0,26,20,60.215003967285156
70,30,927462,1190411,20,15,30.576662063598633,33.23579788208008,60.215003967285156,0.0,0.0,26,20,61.18679428100586
70,30,927515,1190438,20,15,30.612215042114258,33.48564147949219,61.18679428100586,0.0,0.0,26,20,62.84389877319336
70,30,927557,1190519,20,15,30.735944747924805,33.48564147949219,62.84389877319336,0.0,0.0,26,21,64.1828842163086
70,30,927606,1190578,20,15,30.865930557250977,33.78146743774414,64.1828842163086,0.0,0.0,26,21,64.18507385253906
70,30,927648,1190526,20,15,30.81330680847168,34.2935791015625,64.18507385253906,0.0,0.0,26,21,64.18707275390625
70,30,927567,1190467,20,15,30.814380645751953,34.2935791015625,64.18707275390625,0.0,0.0,26,21,64.7552261352539
70,30,927485,1190450,20,15,30.512800216674805,34.44704055786133,64.7552261352539,0.0,0.0,26,21,65.26869201660156
70,30,927528,1190441,20,15,30.374887466430664,34.44704055786133,65.26869201660156,0.0,0.0,26,21,66.14529418945312
70,30,927447,1190490,20,15,30.222936630249023,32.01802062988281,66.14529418945312,0.0,0.0,26,22,62.002132415771484
70,30,927623,1190461,20,15,30.442346572875977,32.23442840576172,62.002132415771484,0.0,0.0,26,21,60.23693084716797
70,30,927541,1190381,20,15,30.834375381469727,32.23442840576172,60.23693084716797,0.0,0.0,26,20,58.649505615234375
70,30,927450,1190450,20,15,30.781461715698242,32.23442840576172,58.649505615234375,0.0,0.0,26,20,55.93159103393555
70,30,927513,1190586,20,15,30.868179321289062,32.23442840576172,55.93159103393555,0.0,0.0,26,20,54.774654388427734
70,30,927832,1190815,20,15,30.256086349487305,33.127628326416016,54.774654388427734,0.0,0.0,26,20,56.28481674194336
70,30,927741,1190717,20,15,30.398317337036133,33.127628326416016,56.28481674194336,0.0,0.0,26,20,57.64402389526367
70,30,927793,1190632,20,15,30.50525665283203,33.2103157043457,57.64402389526367,0.0,0.0,26,20,58.86817169189453
70,30,927702,1190632,20,15,30.770395278930664,33.54990005493164,58.86817169189453,0.0,0.0,26,20,59.969913482666016
70,30,927755,1190694,20,15,30.38348388671875,33.54990005493164,59.969913482666016,0.0,0.0,26,20,60.962730407714844
70,30,927807,1190798,20,15,30.118803024291992,33.54990005493164,60.962730407714844,0.0,0.0,26,20,60.96388626098633
70,30,927859,1190759,20,15,30.096887588500977,33.93110275268555,60.96388626098633,0.0,0.0,26,20,61.856082916259766
70,30,927768,1190681,20,15,30.427661895751953,34.28583908081055,61.856082916259766,0.0,0.0,26,20,62.660255432128906
70,30,927820,1190662,20,15,30.57400131225586,34.28583908081055,62.660255432128906,0.0,0.0,26,20,64.03372192382812
70,30,927729,1190696,20,15,30.57268714904785,34.28583908081055,64.03372192382812,0.0,0.0,26,21,65.14679718017578
70,30,927782,1190819,20,15,30.386791229248047,34.28583908081055,65.14679718017578,0.0,0.0,26,21,65.62151336669922
70,30,927957,1190908,20,15,30.080934524536133,34.46760559082031,65.62151336669922,0.0,0.0,26,21,66.04792785644531
70,30,927876,1190845,20,15,30.051328659057617,34.72822189331055,66.04792785644531,0.0,0.0,26,21,66.43120574951172
70,30,927928,1190782,20,15,30.0740909576416,34.787654876708984,66.43120574951172,0.0,0.0,26,21,66.77564239501953
70,30,927837,1190690,20,15,30.551422119140625,32.707130432128906,66.77564239501953,0.0,0.0,26,21,63.026607513427734
70,30,927756,1190655,20,15,31.079788208007812,32.772216796875,63.026607513427734,0.0,0.0,26,20,59.98969650268555
70,30,927819,1190962,20,15,30.176815032958984,32.772216796875,59.98969650268555,0.0,0.0,26,20,57.529788970947266
70,30,928123,1191201,20,15,29.561687469482422,32.85356521606445,57.529788970947266,0.0,0.0,26,21,57.530616760253906
70,30,928166,1191107,20,15,29.73873519897461,33.312721252441406,57.530616760253906,0.0,0.0,26,21,57.53142547607422
70,30,928085,1191005,20,15,30.08473777770996,33.707698822021484,57.53142547607422,0.0,0.0,26,20,58.76765060424805
70,30,927993,1191025,20,15,29.958635330200195,33.707698822021484,58.76765060424805,0.0,0.0,26,21,60.881221771240234
70,30,928046,1191101,20,15,29.945072174072266,33.707698822021484,60.881221771240234,0.0,0.0,26,21,59.675987243652344
70,30,928094,1191246,20,15,29.707599639892578,32.2382926940918,59.675987243652344,0.0,0.0,26,21,60.6973762512207
70,30,928146,1191227,20,15,29.713720321655273,32.40726089477539,60.6973762512207,0.0,0.0,26,21,61.945594787597656
70,30,928188,1191197,20,15,29.722021102905273,32.925636291503906,61.945594787597656,0.0,0.0,26,21,60.61225891113281
70,30,928097,1191126,20,15,29.66023063659668,32.925636291503906,60.61225891113281,0.0,0.0,26,21,61.14305877685547
70,30,928016,1191109,20,15,29.523406982421875,33.0589599609375,61.14305877685547,0.0,0.0,26,21,62.0166015625
70,30,928068,1191112,20,15,29.529434204101562,33.0589599609375,62.0166015625,0.0,0.0,26,21,63.189788818359375
70,30,927977,1191148,20,15,29.608640670776367,33.0589599609375,63.189788818359375,0.0,0.0,26,22,64.17201232910156
70,30,928159,1191142,20,15,30.017988204956055,32.07818603515625,64.17201232910156,0.0,0.0,26,22,65.48456573486328
70,30,928078,1191204,20,15,30.394004821777344,32.07818603515625,65.48456573486328,0.0,0.0,26,22,66.3191909790039
70,30,928253,1191300,20,15,30.189697265625,32.35371780395508,66.3191909790039,0.0,0.0,26,22,66.48697662353516
70,30,928305,1191210,20,15,30.420513153076172,32.64658737182617,66.48697662353516,0.0,0.0,26,22,66.48697662353516
70,30,928214,1191093,20,15,30.420513153076172,32.64658737182617,66.48697662353516,0.0,0.0,26,22,66.48697662353516
70,30,928133,1190990,20,15,30.420513153076172,33.029998779296875,66.48697662353516,0.0,0.0,26,22,66.67649841308594
70,30,928042,1190918,20,15,30.429012298583984,33.029998779296875,66.67649841308594,0.0,0.0,26,22,67.13219451904297
70,30,927961,1191163,20,15,29.689584732055664,31.784387588500977,67.13219451904297,0.0,0.0,26,22,64.84305572509766
70,30,928290,1191492,20,15,29.05295181274414,31.784387588500977,64.84305572509766,0.0,0.0,26,22,64.94171142578125
70,30,928471,1191504,20,15,28.874441146850586,32.39316177368164,64.94171142578125,0.0,0.0,26,22,65.346923828125
70,30,928380,1191433,20,15,28.900062561035156,32.95751190185547,65.346923828125,0.0,0.0,26,22,65.346923828125
70,30,928299,1191329,20,15,28.900062561035156,32.95751190185547,65.346923828125,0.0,0.0,26,22,65.80084991455078
70,30,928218,1191445,20,15,28.608863830566406,31.72764778137207,65.80084991455078,0.0,0.0,26,23,64.84569549560547
70,30,928393,1191707,20,15,28.32113265991211,31.72764778137207,64.84569549560547,0.0,0.0,26,23,63.84868621826172
70,30,928574,1191798,20,15,28.115880966186523,32.72780990600586,63.84868621826172,0.0,0.0,26,23,64.3996353149414
70,30,928483,1191722,20,15,28.19046401977539,32.72780990600586,64.3996353149414,0.0,0.0,26,23,64.8955307006836
70,30,928531,1191659,20,15,28.26296615600586,32.99442672729492,64.8955307006836,0.0,0.0,26,23,65.7964096069336
70,30,928450,1191641,20,15,28.744197845458984,32.99442672729492,65.7964096069336,0.0,0.0,26,22,66.57389068603516
70,30,928502,1191689,20,15,29.26963996887207,32.99442672729492,66.57389068603516,0.0,0.0,26,21,67.44083404541016
70,30,928554,1191826,20,15,29.38738441467285,33.22044372558594,67.44083404541016,0.0,0.0,26,21,67.68512725830078
70,30,928596,1191826,20,15,29.41848373413086,33.446163177490234,67.68512725830078,0.0,0.0,26,21,67.712890625
70,30,928638,1191825,20,15,29.301069259643555,33.92307662963867,67.712890625,0.0,0.0,26,21,67.92937469482422
70,30,928558,1191731,20,15,30.04184341430664,33.92307662963867,67.92937469482422,0.0,0.0,26,20,68.12422180175781
70,30,928610,1191661,20,15,30.567150115966797,34.00809860229492,68.12422180175781,0.0,0.0,26,19,66.78882598876953
70,30,928519,1191592,20,15,30.718217849731445,32.9360466003418,66.78882598876953,0.0,0.0,26,20,64.48828125
70,30,928438,1191579,20,15,30.722267150878906,32.9360466003418,64.48828125,0.0,0.0,26,20,62.64165496826172
70,30,928490,1191790,20,15,30.074230194091797,32.9360466003418,62.64165496826172,0.0,0.0,26,21,60.49667739868164
70,30,928542,1192080,20,15,29.473926544189453,32.9360466003418,60.49667739868164,0.0,0.0,26,21,59.912254333496094
70,30,928727,1192046,20,15,29.333147048950195,33.10135269165039,59.912254333496094,0.0,0.0,26,21,59.38613510131836
70,30,928779,1191952,20,15,29.51548957824707,33.59272766113281,59.38613510131836,0.0,0.0,26,21,61.35978698730469
70,30,928688,1191881,20,15,29.770174026489258,33.59272766113281,61.35978698730469,0.0,0.0,26,21,62.224327087402344
70,30,928607,1191935,20,15,29.847597122192383,32.378170013427734,62.224327087402344,0.0,0.0,26,21,60.763980865478516
70,30,928655,1192056,20,15,29.72549819946289,32.378170013427734,60.763980865478516,0.0,0.0,26,21,60.148902893066406
70,30,928826,1192188,20,15,29.35812759399414,32.81881332397461,60.148902893066406,0.0,0.0,26,22,61.11689376831055
70,30,928745,1192138,20,15,29.28518295288086,33.29606246948242,61.11689376831055,0.0,0.0,26,22,61.98813247680664
70,30,928797,1192089,20,15,29.22938346862793,33.42647933959961,61.98813247680664,0.0,0.0,26,22,62.778900146484375
70,30,928706,1191997,20,15,29.62979507446289,32.3183479309082,62.778900146484375,0.0,0.0,26,21,61.326560974121094
70,30,928626,1191962,20,15,30.010509490966797,32.3183479309082,61.326560974121094,0.0,0.0,26,20,60.1555061340332
70,30,928688,1192213,20,15,29.64676856994629,32.3183479309082,60.1555061340332,0.0,0.0,26,21,59.22354507446289
70,30,928858,1192528,20,15,29.269468307495117,31.347578048706055,59.22354507446289,0.0,0.0,26,21,59.22647476196289
70,30,929043,1192490,20,15,29.268625259399414,31.96939468383789,59.22647476196289,0.0,0.0,26,21,59.22647476196289
70,30,928952,1192373,20,15,29.268625259399414,32.43046951293945,59.22647476196289,0.0,0.0,26,21,60.28976821899414
70,30,928871,1192314,20,15,29.21006202697754,32.43046951293945,60.28976821899414,0.0,0.0,26,21,61.25016403198242
70,30,928791,1192430,20,15,28.894102096557617,31.1992130279541,61.25016403198242,0.0,0.0,26,21,60.42470169067383
70,30,928975,1192588,20,15,28.730228424072266,31.1992130279541,60.42470169067383,0.0,0.0,26,22,59.68169021606445
70,30,929156,1192795,20,15,28.355791091918945,31.7635440826416,59.68169021606445,0.0,0.0,26,22,60.699398040771484
70,30,929065,1192719,20,15,28.376523971557617,32.264747619628906,60.699398040771484,0.0,0.0,26,22,61.615394592285156
70,30,929117,1192656,20,15,28.381868362426758,32.2724494934082,61.615394592285156,0.0,0.0,26,22,63.18316650390625
70,30,929026,1192625,20,15,28.86827850341797,32.2724494934082,63.18316650390625,0.0,0.0,26,21,64.45426177978516
70,30,929088,1192686,20,15,29.31944465637207,32.2724494934082,64.45426177978516,0.0,0.0,26,21,65.4830322265625
70,30,929130,1192746,20,15,29.25162696838379,32.36748504638672,65.4830322265625,0.0,0.0,26,21,65.4837646484375
70,30,929182,1192698,20,15,29.22920799255371,33.215179443359375,65.4837646484375,0.0,0.0,26,21,65.92311096191406
70,30,929091,1192655,20,15,29.34042739868164,33.215179443359375,65.92311096191406,0.0,0.0,26,21,66.31902313232422
70,30,929143,1192646,20,15,29.303325653076172,33.690696716308594,66.31902313232422,0.0,0.0,26,21,66.67594146728516
70,30,929062,1192649,20,15,29.362625122070312,33.690696716308594,66.67594146728516,0.0,0.0,26,21,67.28536987304688
70,30,929104,1192685,20,15,29.43970489501953,33.690696716308594,67.28536987304688,0.0,0.0,26,21,67.77993774414062
70,30,929156,1192799,20,15,29.52281379699707,33.690696716308594,67.77993774414062,0.0,0.0,26,21,68.17916107177734
70,30,929198,1192790,20,15,29.488203048706055,33.71479034423828,68.17916107177734,0.0,0.0,26,22,68.34953308105469
70,30,929250,1192773,20,15,29.378137588500977,34.17485427856445,68.34953308105469,0.0,0.0,26,22,68.50286865234375
70,30,929169,1192714,20,15,29.400474548339844,34.17485427856445,68.50286865234375,0.0,0.0,26,22,68.50332641601562
70,30,929088,1192697,20,15,29.280757904052734,34.49139404296875,68.50332641601562,0.0,0.0,26,22,68.64085388183594
70,30,929130,1192688,20,15,29.280548095703125,34.49139404296875,68.64085388183594,0.0,0.0,26,22,68.7649917602539
70,30,929050,1192736,20,15,29.432209014892578,34.49139404296875,68.7649917602539,0.0,0.0,26,22,68.8773193359375
70,30,929230,1192730,20,15,29.601823806762695,33.785221099853516,68.8773193359375,0.0,0.0,26,22,69.06942749023438
70,30,929139,1192757,20,15,29.866527557373047,33.785221099853516,69.06942749023438,0.0,0.0,26,22,69.2255630493164
70,30,929319,1192866,20,15,29.957012176513672,34.15498352050781,69.2255630493164,0.0,0.0,26,22,69.2255630493164
70,30,929371,1192762,20,15,29.957012176513672,34.44221496582031,69.2255630493164,0.0,0.0,26,22,69.2255630493164
70,30,929280,1192646,20,15,29.957012176513672,34.724395751953125,69.2255630493164,0.0,0.0,26,22,69.29164123535156
70,30,929200,1192588,20,15,29.926345825195312,34.724395751953125,69.29164123535156,0.0,0.0,26,22,69.35224914550781
70,30,929109,1192690,20,15,29.53622055053711,34.724395751953125,69.35224914550781,0.0,0.0,26,22,67.87039947509766
70,30,929161,1192810,20,15,29.121295928955078,33.458709716796875,67.87039947509766,0.0,0.0,26,22,66.53775787353516
70,30,929341,1192968,20,15,28.886171340942383,33.458709716796875,66.53775787353516,0.0,0.0,26,22,65.33840942382812
70,30,929515,1193022,20,15,28.90325927734375,34.132171630859375,65.33840942382812,0.0,0.0,26,22,65.7944107055664
70,30,929435,1192982,20,15,29.13123321533203,34.132171630859375,65.7944107055664,0.0,0.0,26,22,66.20481872558594
70,30,929476,1192949,20,15,29.21454620361328,32.92805862426758,66.20481872558594,0.0,0.0,26,22,65.09993743896484
70,30,929396,1192893,20,15,29.506515502929688,32.92805862426758,65.09993743896484,0.0,0.0,26,22,63.21034240722656
70,30,929447,1192880,20,15,29.727718353271484,32.92805862426758,63.21034240722656,0.0,0.0,26,22,61.69451904296875
70,30,929357,1193061,20,15,29.483600616455078,31.89443588256836,61.69451904296875,0.0,0.0,26,23,60.46670913696289
70,30,929541,1193263,20,15,29.093225479125977,31.89443588256836,60.46670913696289,0.0,0.0,26,23,60.46700668334961
70,30,929721,1193161,20,15,29.660457611083984,32.83739471435547,60.46700668334961,0.0,0.0,26,22,61.4088020324707
70,30,929640,1193101,20,15,29.643226623535156,32.83739471435547,61.4088020324707,0.0,0.0,26,22,63.706275939941406
70,30,929550,1193240,20,15,29.522371292114258,32.83739471435547,63.706275939941406,0.0,0.0,26,22,61.666839599609375
70,30,929602,1193356,20,15,29.60633659362793,31.562973022460938,61.666839599609375,0.0,0.0,26,22,60.797119140625
70,30,929653,1193322,20,15,29.520164489746094,31.557147979736328,60.797119140625,0.0,0.0,26,22,61.70494842529297
70,30,929705,1193220,20,15,29.868974685668945,32.14456558227539,61.70494842529297,0.0,0.0,26,21,61.70606994628906
70,30,929624,1193182,20,15,29.738849639892578,32.14456558227539,61.70606994628906,0.0,0.0,26,21,61.7071418762207
70,30,929676,1193143,20,15,29.66374397277832,32.65385055541992,61.7071418762207,0.0,0.0,26,21,62.525489807128906
70,30,929596,1193065,20,15,30.223491668701172,32.77039337158203,62.525489807128906,0.0,0.0,26,21,63.26168441772461
70,30,929515,1193030,20,15,30.776033401489258,32.77039337158203,63.26168441772461,0.0,0.0,26,20,64.52008056640625
70,30,929567,1193267,20,15,30.578744888305664,31.75138282775879,64.52008056640625,0.0,0.0,26,20,61.90278244018555
70,30,929751,1193593,20,15,29.915552139282227,31.75138282775879,61.90278244018555,0.0,0.0,26,20,61.198299407958984
70,30,929924,1193592,20,15,29.81600570678711,32.33385467529297,61.198299407958984,0.0,0.0,26,20,61.198299407958984
70,30,929844,1193489,20,15,29.81600570678711,32.940940856933594,61.198299407958984,0.0,0.0,26,20,62.06713104248047
70,30,929754,1193418,20,15,29.850465774536133,32.940940856933594,62.06713104248047,0.0,0.0,26,20,62.84974670410156
70,30,929673,1193533,20,15,29.453203201293945,31.52041244506836,62.84974670410156,0.0,0.0,26,21,61.58995819091797
70,30,929867,1193703,20,15,29.10984230041504,31.52041244506836,61.58995819091797,0.0,0.0,26,21,60.45633316040039
70,30,930036,1193896,20,15,28.635986328125,32.660640716552734,60.45633316040039,0.0,0.0,26,21,61.399539947509766
70,30,929956,1193833,20,15,28.7231502532959,32.709434509277344,61.399539947509766,0.0,0.0,26,21,62.24849319458008
70,30,929998,1193758,20,15,28.77173614501953,32.762420654296875,62.24849319458008,0.0,0.0,26,21,63.70127487182617
70,30,929917,1193739,20,15,29.247522354125977,32.762420654296875,63.70127487182617,0.0,0.0,26,21,64.8789291381836
70,30,929959,1193774,20,15,29.549816131591797,32.762420654296875,64.8789291381836,0.0,0.0,26,21,66.23896789550781
70,30,930020,1193923,20,15,29.67906951904297,32.771995544433594,66.23896789550781,0.0,0.0,26,21,67.22969055175781
70,30,930072,1194161,20,15,29.59996223449707,32.771995544433594,67.22969055175781,0.0,0.0,26,20,67.22969055175781
70,30,930241,1194045,20,15,29.59996223449707,33.71991729736328,67.22969055175781,0.0,0.0,26,20,67.22969055175781
70,30,930161,1193941,20,15,29.59996223449707,34.15281295776367,67.22969055175781,0.0,0.0,26,20,67.49588012695312
70,30,930081,1193883,20,15,29.536645889282227,34.15281295776367,67.49588012695312,0.0,0.0,26,20,67.73550415039062
70,30,929990,1193985,20,15,29.205171585083008,32.85350799560547,67.73550415039062,0.0,0.0,26,21,66.29072570800781
70,30,930174,1194142,20,15,28.9429931640625,32.85350799560547,66.29072570800781,0.0,0.0,26,21,64.99050903320312
70,30,930353,1194348,20,15,28.591815948486328,33.29097366333008,64.99050903320312,0.0,0.0,26,21,65.47999572753906
70,30,930263,1194272,20,15,28.609477996826172,33.677825927734375,65.47999572753906,0.0,0.0,26,21,65.9205551147461
70,30,930314,1194209,20,15,28.61573028564453,33.65535354614258,65.9205551147461,0.0,0.0,26,21,66.67431640625
70,30,930224,1194178,20,15,29.13774299621582,33.65535354614258,66.67431640625,0.0,0.0,26,21,67.28517150878906
70,30,930275,1194225,20,15,29.519563674926758,33.65535354614258,67.28517150878906,0.0,0.0,26,21,67.9907455444336
70,30,930327,1194361,20,15,29.634756088256836,33.65535354614258,67.9907455444336,0.0,0.0,26,21,68.50518798828125
70,30,930378,1194577,20,15,29.443679809570312,33.65535354614258,68.50518798828125,0.0,0.0,26,21,68.64421844482422
70,30,930430,1194559,20,15,29.612300872802734,34.013893127441406,68.64421844482422,0.0,0.0,26,21,68.76868438720703
70,30,930481,1194521,20,15,29.47243881225586,34.30868148803711,68.76868438720703,0.0,0.0,26,21,68.88064575195312
70,30,930391,1194468,20,15,29.643529891967773,34.30868148803711,68.88064575195312,0.0,0.0,26,21,68.98140716552734
70,30,930443,1194449,20,15,29.63055419921875,34.615386962890625,68.98140716552734,0.0,0.0,26,21,69.0725326538086
70,30,930352,1194439,20,15,29.660308837890625,34.615386962890625,69.0725326538086,0.0,0.0,26,21,69.154541015625
70,30,930414,1194478,20,15,29.48291778564453,34.615386962890625,69.154541015625,0.0,0.0,26,22,67.5346908569336
70,30,930455,1194579,20,15,29.45987892150879,33.16169738769531,67.5346908569336,0.0,0.0,26,22,66.07760620117188
70,30,930502,1194584,20,15,29.476396560668945,33.52946853637695,66.07760620117188,0.0,0.0,26,22,66.07687377929688
70,30,930544,1194553,20,15,29.634117126464844,34.251834869384766,66.07687377929688,0.0,0.0,26,22,66.07659912109375
70,30,930454,1194481,20,15,29.641611099243164,34.251834869384766,66.07659912109375,0.0,0.0,26,22,66.45797729492188
70,30,930373,1194464,20,15,29.501596450805664,34.63030242919922,66.45797729492188,0.0,0.0,26,22,66.80137634277344
70,30,930425,1194468,20,15,29.588706970214844,34.63030242919922,66.80137634277344,0.0,0.0,26,22,67.38845825195312
70,30,930335,1194503,20,15,29.61894989013672,34.63030242919922,67.38845825195312,0.0,0.0,26,22,66.1351318359375
70,30,930518,1194486,20,15,29.502370834350586,33.46554183959961,66.1351318359375,0.0,0.0,26,22,65.00809478759766
70,30,930437,1194407,20,15,29.88475799560547,33.46554183959961,65.00809478759766,0.0,0.0,26,22,63.07976531982422
70,30,930347,1194360,20,15,30.198974609375,33.51913070678711,63.07976531982422,0.0,0.0,26,21,61.517616271972656
70,30,930399,1194596,20,15,29.747726440429688,33.51913070678711,61.517616271972656,0.0,0.0,26,21,60.85227966308594
70,30,930713,1194821,20,15,29.20526123046875,33.901519775390625,60.85227966308594,0.0,0.0,26,21,61.75558853149414
70,30,930633,1194737,20,15,29.279865264892578,34.304664611816406,61.75558853149414,0.0,0.0,26,21,62.5686149597168
70,30,930685,1194653,20,15,29.36227035522461,34.28084945678711,62.5686149597168,0.0,0.0,26,21,61.75876235961914
